m,tgsvd(new),tsvd(current)
100,0.0033536238,0.0063535127
200,0.017943709,0.0639000818
300,0.0332445003,0.2167710026
400,0.0563727363,0.555419979
500,0.0874159373,0.9807817762
600,0.0250532624,0.3722280694
700,0.0333931722,0.5173496923
800,0.044644773,1.005812367
900,0.0576700202,1.423363571
1000,0.072505869,2.542480142
1100,0.0906297749,3.674762028
1200,0.105321762,5.219059877
1300,0.1268479631,7.072451148
1400,0.1688530182,9.458003528
1500,0.1851122063,14.98202869